{"cameraMode":{"drawMode":0,"name":"Shaded","section":"Shading Mode"},"sceneLighting":true,"audioPlay":false,"sceneViewState":{"m_AlwaysRefresh":false,"showFog":true,"showSkybox":true,"showFlares":true,"showImageEffects":true,"showParticleSystems":true,"showVisualEffectGraphs":true,"m_FxEnabled":true},"in2DMode":false,"pivot":{"x":36.7913818359375,"y":12.023786544799805,"z":3.021458625793457},"rotation":{"x":0.24037836492061616,"y":-0.14064501225948335,"z":0.035219091922044757,"w":0.9597976803779602},"size":45.487693786621097,"orthographic":false}